{"cameraMode":{"drawMode":0,"name":"Shaded","section":"Shading Mode"},"sceneLighting":true,"audioPlay":false,"sceneViewState":{"m_AlwaysRefresh":false,"showFog":true,"showSkybox":true,"showFlares":true,"showImageEffects":true,"showParticleSystems":true,"showVisualEffectGraphs":true,"m_FxEnabled":true},"in2DMode":false,"pivot":{"x":-4.594780445098877,"y":5.439265727996826,"z":12.87203311920166},"rotation":{"x":0.07277028262615204,"y":0.5944108963012695,"z":-0.054130781441926959,"w":0.7991835474967957},"size":1.0388685464859009,"orthographic":false}