{"cameraMode":{"drawMode":0,"name":"Shaded","section":"Shading Mode"},"sceneLighting":true,"audioPlay":false,"sceneViewState":{"m_AlwaysRefresh":false,"showFog":true,"showSkybox":true,"showFlares":true,"showImageEffects":true,"showParticleSystems":true,"showVisualEffectGraphs":true,"m_FxEnabled":true},"in2DMode":false,"pivot":{"x":3.7920548915863039,"y":16.864604949951173,"z":-26.486902236938478},"rotation":{"x":0.29274046421051028,"y":0.32208362221717837,"z":-0.1074049323797226,"w":0.8948956727981567},"size":2.5961930751800539,"orthographic":false}