{"cameraMode":{"drawMode":0,"name":"Shaded","section":"Shading Mode"},"sceneLighting":true,"audioPlay":false,"sceneViewState":{"m_AlwaysRefresh":false,"showFog":true,"showSkybox":true,"showFlares":true,"showImageEffects":true,"showParticleSystems":true,"showVisualEffectGraphs":true,"m_FxEnabled":true},"in2DMode":false,"pivot":{"x":-16.74803924560547,"y":4.7627716064453129,"z":-19.844112396240236},"rotation":{"x":-0.11736981570720673,"y":-0.053505197167396548,"z":0.0063307578675448898,"w":-0.9916540384292603},"size":2.5961930751800539,"orthographic":false}